{"cameraMode":{"drawMode":0,"name":"Shaded","section":"Shading Mode"},"sceneLighting":false,"audioPlay":false,"sceneViewState":{"showFog":true,"showMaterialUpdate":false,"showSkybox":false,"showFlares":true,"showImageEffects":true,"showParticleSystems":true,"showVisualEffectGraphs":true,"m_FxEnabled":true},"in2DMode":false,"pivot":{"x":48.29191589355469,"y":0.37650585174560549,"z":44.944889068603519},"rotation":{"x":0.013729218393564225,"y":0.6885128021240234,"z":-0.7250187397003174,"w":0.012979426421225071},"size":3.180253505706787,"orthographic":false}