{"cameraMode":{"drawMode":0,"name":"Shaded","section":"Shading Mode"},"sceneLighting":false,"audioPlay":false,"sceneViewState":{"showFog":true,"showMaterialUpdate":false,"showSkybox":false,"showFlares":true,"showImageEffects":true,"showParticleSystems":true,"showVisualEffectGraphs":true,"m_FxEnabled":true},"in2DMode":false,"pivot":{"x":0.000003814697265625,"y":-0.000023125838197302073,"z":0.000003814697265625},"rotation":{"x":0.19849923253059388,"y":0.7909888029098511,"z":-0.4754183888435364,"w":0.33009570837020876},"size":54.54084014892578,"orthographic":false}