{"cameraMode":{"drawMode":0,"name":"Shaded","section":"Shading Mode"},"sceneLighting":false,"audioPlay":false,"sceneViewState":{"showFog":true,"showMaterialUpdate":false,"showSkybox":false,"showFlares":true,"showImageEffects":true,"showParticleSystems":true,"showVisualEffectGraphs":true,"m_FxEnabled":true},"in2DMode":false,"pivot":{"x":0.14293479919433595,"y":-0.06548309326171875,"z":0.4013862609863281},"rotation":{"x":0.013729218393564225,"y":0.6885128021240234,"z":-0.7250187397003174,"w":0.012979426421225071},"size":3.12283992767334,"orthographic":false}