{"cameraMode":{"drawMode":0,"name":"Shaded","section":"Shading Mode"},"sceneLighting":false,"audioPlay":false,"sceneViewState":{"showFog":true,"showMaterialUpdate":false,"showSkybox":false,"showFlares":true,"showImageEffects":true,"showParticleSystems":true,"showVisualEffectGraphs":true,"m_FxEnabled":true},"in2DMode":false,"pivot":{"x":0.09339523315429688,"y":-0.06649446487426758,"z":-0.5516681671142578},"rotation":{"x":0.013729218393564225,"y":0.6885128021240234,"z":-0.7250187397003174,"w":0.012979426421225071},"size":19.949501037597658,"orthographic":false}