{"cameraMode":{"drawMode":0,"name":"Shaded","section":"Shading Mode"},"sceneLighting":false,"audioPlay":false,"sceneViewState":{"showFog":true,"showMaterialUpdate":false,"showSkybox":false,"showFlares":true,"showImageEffects":true,"showParticleSystems":true,"showVisualEffectGraphs":true,"m_FxEnabled":true},"in2DMode":false,"pivot":{"x":51.42500305175781,"y":0.37549591064453127,"z":52.42499923706055},"rotation":{"x":0.013729218393564225,"y":0.6885128021240234,"z":-0.7250187397003174,"w":0.012979426421225071},"size":2.5440008640289308,"orthographic":false}